<?xml version="1.0" encoding="UTF-8"?>

<root>  

	<concepts>
		<concept name="副词">highly, rich, significant, rich industry, Fully, Rich, Significant, Highly, fully</concept>
		<concept name="有经验">(highly|rich|significant|rich industry|Fully|Rich|Significant|Highly|fully)?(\s)*experienced, (highly|rich|significant|rich industry|Fully|Rich|Significant|Highly|fully)?(\s)*experience, (highly|rich|significant|rich industry|Fully|Rich|Significant|Highly|fully)?(\s)*Senior, (highly|rich|significant|rich industry|Fully|Rich|Significant|Highly|fully)?(\s)*senior, (highly|rich|significant|rich industry|Fully|Rich|Significant|Highly|fully)?(\s)*Experienced</concept>
		<concept name="有能力">efficient, Outstanding, superb, skilled consultants, scientists, qualifications, qualification, skilled, technical elites, Professional, expertise, Strong, trained, capable, Strong knowledgeable, knowledgeable, strong, excellent, mature, superb, Talented, competent, technology-leading</concept>
		<concept name="有规模">a number of, a high number of, many</concept>
		<concept name="有素质">dedicated and stable, dedicated, stable, loyal staff, loyal, motivated, well motivated, Active, more aggressive, solid, friendly</concept>
	</concepts>
  
   <intentionAdd name="gt.gone.model.compete.team.TeamAdvantageProcess" id="01">
 		<template name="rule1">(#副词\d*)?(\s)*(#有经验\d*|#有能力\d*|#有规模\d*|#有素质\d*)?(\s)*(#有经验\d*|#有能力\d*|#有规模\d*|#有素质\d*)</template>
    	<!-- <template name="rule1">(#副词\d*)?(\s)*(#有经验\d*|#有能力\d*|#有规模\d*|#有素质\d*)</template>
    	<template name="rule2">(#副词\d*)?(\s)*(#有经验\d*|#有能力\d*|#有规模\d*|#有素质\d*)(\s)*(and|.)(\s)*(#有经验\d*|#有能力\d*|#有规模\d*|#有素质\d*)</template>
     	<template name="rule3">(#副词\d*)?(\s)*(#有经验\d*|#有能力\d*|#有规模\d*|#有素质\d*)(\s)*(#有经验\d*|#有能力\d*|#有规模\d*|#有素质\d*),(\s)*(#有经验\d*|#有能力\d*|#有规模\d*|#有素质\d*)(\s)*and(\s)*(#有经验\d*|#有能力\d*|#有规模\d*|#有素质\d*)</template>
     	<template name="rule4">(#副词\d*)?(\s)*(#有经验\d*|#有能力\d*|#有规模\d*|#有素质\d*)(\s)*(#有经验\d*|#有能力\d*|#有规模\d*|#有素质\d*),(\s)*(#有经验\d*|#有能力\d*|#有规模\d*|#有素质\d*),(\s)*and(\s)*(#有经验\d*|#有能力\d*|#有规模\d*|#有素质\d*)</template>
   		<template name="rule5">(#副词\d*)?(\s)*(#有经验\d*|#有能力\d*|#有规模\d*|#有素质\d*)(\s)*(#有经验\d*|#有能力\d*|#有规模\d*|#有素质\d*),(\s)*(#有经验\d*|#有能力\d*|#有规模\d*|#有素质\d*),(\s)*(#有经验\d*|#有能力\d*|#有规模\d*|#有素质\d*)(\s)*and(\s)*(#有经验\d*|#有能力\d*|#有规模\d*|#有素质\d*)</template>
   		<template name="rule6">(#副词\d*)?(\s)*(#有经验\d*|#有能力\d*|#有规模\d*|#有素质\d*)(\s)*(#有经验\d*|#有能力\d*|#有规模\d*|#有素质\d*),(\s)*(#有经验\d*|#有能力\d*|#有规模\d*|#有素质\d*),(\s)*(#有经验\d*|#有能力\d*|#有规模\d*|#有素质\d*),(\s)*and(\s)*(#有经验\d*|#有能力\d*|#有规模\d*|#有素质\d*)</template>
   		<template name="rule7">(#副词\d*)?(\s)*(#有经验\d*|#有能力\d*|#有规模\d*|#有素质\d*),(\s)*(#有经验\d*|#有能力\d*|#有规模\d*|#有素质\d*)</template>
   		<template name="rule8">(#副词\d*)?(\s)*(#有经验\d*|#有能力\d*|#有规模\d*|#有素质\d*).(\s)*(#有经验\d*|#有能力\d*|#有规模\d*|#有素质\d*)</template>
   		<template name="rule9">(#副词\d*)?(\s)*(#有经验\d*|#有能力\d*|#有规模\d*|#有素质\d*).(#有经验\d*|#有能力\d*|#有规模\d*|#有素质\d*)</template>
   		<template name="rule10">(#副词\d*)?(\s)*(#有经验\d*|#有能力\d*|#有规模\d*|#有素质\d*)(\s)*and(\s)*(#有经验\d*|#有能力\d*|#有规模\d*|#有素质\d*)</template> -->
   </intentionAdd>
     
</root>