<?xml version="1.0" encoding="UTF-8"?>

<root>  

	<concepts>
		<concept name="领先的">world-leading, World-leading, World’s leading, World’s, world leaders, world leader, leading-edge, leading, Leading, global leader, Advanced, State-of-the-art, advanced</concept>
		<concept name="创新的">world's first, new type of, new Patented, new generation of, new generation, new, up-to-date</concept>
		<concept name="特殊的">patented, Patent pending, world's largest, unique, its unique characteristics, Globally Recognized, core, well-tested patented, special, Latest, commercialized, huge potential, harmless, self-owned, non-toxic, harmless and 100% recyclable, non-toxic, 100% recyclable, recyclable, popular, FDA cleared, proprietary, revolutionary, innovative</concept>
	    <concept name="指代词">their, its, company’s, company's, Company's, Their, Its</concept>
	    <concept name="介词短语">the use of, With, with, the development of, in the field of, By using, by using, using, owning</concept>
	    <concept name="介词">in, for, of</concept>
	    <concept name="be动词">is, was, being, are, were, been</concept>
	     <concept name="拥有类动词">has, have, had</concept>
	    <concept name="技术">the technology, technology of, technology, Technology, Technologies, technologies, platform</concept>
	    <concept name="动词">developed, develop, develops, developing</concept>
	    <concept name="公司名">Deshun, of technology, technology company, technology companies, this technology, equipment, business, IT Technologies, Healthcare Technology, a technology provider, information technology, technology staffing firm, technology supported, technology support, and technology\s*\., technology products</concept>
	    <concept name="行为名词">provider, production, producer, manufacturer, exporter, contractor, fabricator, installer, development, production, provider</concept>
	</concepts>
  
   <intentionAdd name="gt.gone.model.product.technology.TechnologyProcess" id="01">
    	<template name="rule1">(#领先的\d*\s*|#创新的\d*\s*|#特殊的\d*\s*)(#领先的\d*\s*|#创新的\d*\s*|#特殊的\d*\s*|and\s*|,\s*)*(#介词\d*\s*)?(\b[\w-]+\s+){0,12}\s*#技术\d*\s*(\s*and\s*((\b[\w-\d]*\s+|\(\s*|\)\s*){0,12})\s*#技术\d*)?</template>
     	<template name="rule2">(#领先的\d*\s*|#创新的\d*\s*|#特殊的\d*\s*|and\s*|,\s*)+#技术\d*\s*#介词\d*\s*((\b[\w-]+\s+|,\s*){1,20})\s*(\.)</template>
      	<template name="rule3">(#领先的\d*\s*|#创新的\d*\s*|#特殊的\d*\s*)(#领先的\d*\s*|#创新的\d*\s*|#特殊的\d*\s*|and\s*|,\s*)*(#介词\d*\s*)?(#介词短语\d*\s*)((\b[\w-\d]*\s+|\(\s*|\)\s*){0,12})\s*#技术\d*\s*(\s*and\s*((\b[\w-\d]*\s+|\(\s*|\)\s*){0,12})\s*#技术\d*)?</template>
      	<template name="rule4">(#指代词\d*\s*)((\b[\w-]*\s+){1,12})\s*#技术\d*\s*(\s*and\s*((\b[\w-\d]*\s+|\(\s*|\)\s*){0,12})\s*#技术\d*)?</template>
      	<template name="rule5">(#指代词\d*|#介词\d*)\s*((\b[\w-]+\s+){1,12})\s*#技术\d*\s*((\b[\w-]*\s+){0,2})#be动词</template>
      	<template name="rule6">((#领先的\d*\s*|#创新的\d*\s*|#特殊的\d*\s*)(#领先的\d*\s*|#创新的\d*\s*|#特殊的\d*\s*|and\s*|,\s*)*)?\s*#技术\d*\s*((\b[\w-]+\s+){1,12})\s*((\.)|#be动词\d*)</template>
      	<template name="rule7">((\b[\w-]*\s+){0,12})\s*#be动词\d*\s*((\b[\w-]*\s+){0,3})(#领先的\d*\s*|#创新的\d*\s*|#特殊的\d*\s*|and\s*|,\s*)+#技术\d*(\s*and\s*((\b[\w-\d]*\s+|\(\s*|\)\s*){0,12})\s*#技术\d*)?</template>
      	<template name="rule8">#技术\d*\s*(#be动词\d*|#拥有类动词\d*)\s*(#领先的\d*\s*|#创新的\d*\s*|#特殊的\d*\s*|and\s*|,\s*)+\s*(#介词|\.)?</template>
      	<template name="rule9">(^|\.\s*)((\b[\w-]*\s+){1,5})\s*(#行为名词\d*\s*(\b[\w-]*\s+){0,3})?\s*#技术\d*\s*(\s*and\s*((\b[\w-\d]*\s+|\(\s*|\)\s*){0,12})\s*#技术\d*)?</template>
      	<template name="rule10">(#介词短语\d*\s*)((\b[\w-\d]*\s+|\(\s*|\)\s*){0,12})\s*((#行为名词\d*\s*)(\b[\w-\d]*\s+|\(\s*|\)\s*){0,3})?#技术\d*\s*(and\s*((\b[\w-\d]*\s+|\(\s*|\)\s*){0,12})\s*#技术\d*)?</template>
      	<template name="rule11">(#动词\d*\s*|#拥有类动词\d*\s*)((\b[\w-]*\s+){0,12})(#领先的\d*\s*|#创新的\d*\s*|#特殊的\d*\s*|and\s*|,\s*)*#技术\d*\s*(\s*and\s*((\b[\w-\d]*\s+|\(\s*|\)\s*){0,12})\s*#技术\d*)?</template>
      	<template name="rule12">#be动词\d*\s*((\b[\w-]*\s+){0,12})#技术\d*\s*((\b[\w-]*\s+){0,3})#行为名词\d*\s*</template>
      	<template name="rule13">(#领先的\d*\s*|#创新的\d*\s*|#特殊的\d*\s*)(#领先的\d*\s*|#创新的\d*\s*|#特殊的\d*\s*|and\s*|,\s*)*(\b[\w-]+\s+){0,3}\s*#技术\d*\s*:\s*(\b[\w-]+\s+){0,2}\s*#指代词\d*\s*(\b[\w-]+\s+){0,12}\s*#技术\d*(\s*and\s*((\b[\w-\d]*\s+|\(\s*|\)\s*){0,12})\s*#技术\d*)?</template>
              
   </intentionAdd>
     
	</root>