<?xml version="1.0" encoding="UTF-8"?>

<root> 
  <concepts>
	<concept name="现金流">Adjusted Cash Flow, cash flow positive, Adjusted cash flow, adjusted cash flow, discounted cash flow, cash flowing, cash flows, net cash flow, Cash-flow positive, cash-flow, financial flow, capital flow, cash flow, money flow, cashflow(s)?, SDE, Cash Flow, Cash flows, Cash flow</concept>
	<concept name="收入">Sale revenue, sale proceeds, gross yearly income, gross sales, sale volume, net yearly income, sale revenue, recurring revenue, net yearly income, gross revenue, gross revenue, proceeds of sale, sales, sales revenue, Sales revenue, sales volume, services revenue, Targets revenue, Total Revenue, Total sale, total sales, turnover, revenues, Revenues, Revenue, revenue, income, sale</concept>
	<concept name="净利润">net profit margin, net profit margins, net contribution margin, net contribution margins, net profits ratio, net profit ratio, net margin, net margins, net profit rate</concept>
	<concept name="税息前利润">Adj. EBITDA, recurring EBITDA, EBITDA value, Adj- EBITDA, compound EBITDA, EBITDA, Adjusted EBITDA</concept>
	<concept name="利润">rental margins, gross profit rate, Profit Margin, profit margin, contribution margins, profits ratio, net margin, gross profit, gross profit margin, profit, profit rate, profit percentage, margins</concept>
	<concept name="现金流收入">现金流+ and+ 收入, 收入+ and+ 现金流, 现金流+ and the+ 收入, 收入+ and the+ 现金流</concept>
	<concept name="数字">\d+(,\d+)*\.?\d*(,\d+)*</concept>
	<concept name="正号">\+</concept>
	<concept name="百分数">[0-9]+\d*\.?\d*%</concept>
	<concept name="数字单词">one, two, three, four, five, six, seven, eight, nine, ten, eleven, twelve, thirteen, fourteen, fifteen, sixteen, seventeen, eighteen, nineteen, twenty, thirty, forty, fifty, sixty, seventy, eighty, ninety, hundred, thousand, million, billion</concept>
	<concept name="百分数修饰词">free, operating, huge, average weekly, average monthly, weekly, monthly, annual, average, average annual, excellent</concept>	
	<concept name="时间">for the current financial year, FY+ 数字, 数字+ years ago, for+ 数字单词+ consecutive years, since the+ 数字+ inception, from last few years, From last few years, at least+ 数字+ years, In the past year, Since that time, since that time, In+ 数字, in+ 数字+ -+ 数字+ years, over the past+ 数字+ years, over the last+ 数字+ years., each year, by+ 数字, Since+ 数字, since+ 数字, in the recent years, for 20(0|1)?\d/20(0|1)?\d, for+ 数字, for + 数字+ year,  for + 数字+ years, over the last + 数字+ years, over the last+ 数字单词+ years, in such for the last+ 数字+ year, for FY+ 数字+ 数字, before the end of+ 数字, by the end of+ 数字, in the next+ 数字+ year, in past+ 数字+  months, in past+ 数字+  years, in+ 数字, in+ 数字, throughout the year, year-on-year, 数字+ —+ 数字, For nearly+ 数字+ years, for nearly+ 数字+ years, 20(0|1)?\d</concept>
	<concept name="周期">per week, \/month, \/year, \/week, per year, per month, in monthly, monthly, each year, Per Month, Per year, Per week, weekly, A month, A year, A week, Annual, annually, monthly, yearly, a year, a month, a year, a week, annual</concept>
	<concept name="预计类词语">can, could, enhancement, enhancing, expect to, expected to, forecasted to, (is|are) expecting, (is|are) projecting, (is|are) forecasting, (is|are|was|were) expected to, (is|are|was|were) forecasted to, (is|are|was|were) projected to , (is|are) doing, may, projected to, will, expected, expect, forecast, forecasted, forecasting, projected, Projected, projecting</concept>
	<concept name="定性描述词">(very|extremely|highly|quite|absolutely)?\s+healthy, (very|extremely|highly|quite|absolutely)?\s+Attractive, (very|extremely|highly|quite|absolutely)?\s+nice, (very|extremely|highly|quite|absolutely)?\s+Considerable, (very|extremely|quite|absolutely)?\s+high, (very|extremely|highly|quite|absolutely)?\s+good, (very|extremely|highly|quite|absolutely)?\s+normalized, (very|extremely|highly|quite|absolutely)?\s+reliable, (very|extremely|highly|quite|absolutely)?\s+sizeable, (very|extremely|highly|quite|absolutely)?\s+solid, (very|extremely|highly|quite|absolutely)?\s+stable, (very|extremely|highly|quite|absolutely)?\s+steady, (very|extremely|highly|quite|absolutely)?\s+Strong, (very|extremely|highly|quite|absolutely)?\s+efficient, (very|extremely|highly|quite|absolutely)?\s+satisfactory, (very|extremely|highly|quite|absolutely)?\s+satisfying, (very|extremely|highly|quite|absolutely)?\s+remarkable, (very|extremely|highly|quite|absolutely)?\s+apparent, (very|extremely|highly|quite|absolutely)?\s+memorable, (very|extremely|highly|quite|absolutely)?\s+preferable, (very|extremely|highly|quite|absolutely)?\s+exciting, (very|extremely|highly|quite|absolutely)?\s+impressive, (very|extremely|highly|quite|absolutely)?\s+wonderful, (very|extremely|highly|quite|absolutely)?\s+noticeable, (very|extremely|highly|quite|absolutely)?\s+superior, (very|extremely|highly|quite|absolutely)?\s+valuable, (very|extremely|highly|quite|absolutely)?\s+meaningful, (very|extremely|highly|quite|absolutely)?\s+enough, net, organic, potential, Sustainable, satisfactory, (very|extremely|highly|quite|absolutely)?incredible, (very|extremely|highly|quite|absolutely)?amazing, (very|extremely|highly|quite|absolutely)?great, (very|extremely|highly|quite|absolutely)?excellent, (very|extremely|highly|quite|absolutely)?outstanding, (very|extremely|highly|quite|absolutely)?Tremendous, (very|extremely|highly|quite|absolutely)?significant, top, highest, superb, terrific, consummate, preeminent, flawless, great, unbelievable, higher, solid, Strong, HIGH, strong, high, HUGE, steady</concept>
	<concept name="谓语动词">maintain, average, earn, maintains, averages, averages, earns, maintaind, averaged, averaged, earnd</concept>
	<concept name="约数词">above, over, about, around, more than, no less, no less than, no fewer than, nearly, in excess of, approaching, exceeded, circa, just over, at least, In The Vicinity Of, up to, approximately, in the mid, OVER, approx\., exceed, Over</concept>
	<concept name="钱数">Millions more, 数字+ -+ 数字+ million dollars, (~|-)?+ \$+ 数字+ MM, (~|-)?+ 约数词+ ?+ USD+ 数字+ million, \$+ 数字+ M+ 正号, (~|-)?+ \$+ 数字+ K+ 正号, (~|-)?+ 约数词+ ?+ 数字+ Dhs, (~|-)?+ 约数词+ ?+ \$+ 数字+ K, (~|-)?+ 约数词+ ?+ £+ 数字+ m, (~|-)?+ 约数词+ ?+ £+ 数字+ k, (~|-)?+ 约数词+ ?+ £+ 数字+ M, (~|-)?+ 约数词+ ?+ £+ 数字+ K, (~|-)?+ 约数词+ ?+ £+ 数字, (~|-)?+ 约数词+ ?\$+ 数字+ Million, (~|-)?+ 约数词+ ?+ \$+ 数字+ million+ USD, (~|-)?+ 约数词+ ?+ 数字+ million+ pounds, (~|-)?+ 约数词+ ?\$+ 数字+ million, (~|-)?+ 约数词+ ?EUR+ 数字+ million, (~|-)?+ 约数词+ ?+ \$+ 数字+  — + million, (~|-)?+  (+ 正号+ |-) \$+ 数字, (~|-)?+ \$+ 数字+ 正号, (~|-)?+ 约数词+ ?+ \$+ 数字+ mil, (~|-)?+ 约数词+ ?+ \$+ 数字+ k, (~|-)?+ 约数词+ ?+ \$+ 数字+ M, (~|-)?+ 约数词+ ?+ 数字+ M, (~|-)?+ 约数词+ ?+ c£+ 数字+ k , (~|-)?+ 约数词+ ?+ INR+ 数字+ Cr, (~|-)?+ 约数词+ ?+ US+ \$+ 数字, (~|-)?+ 约数词+ ?+ US+ \$+ 数字+ million, (~|-)?+ 约数词+ ?+ USD+ 数字+ million, (~|-)?+ 约数词+ ?+ 数字+ M+ pounds, (~|-)?+ 约数词+ ?+ 数字+ million, (~|-)?+ 约数词+ ?+ 数字+ million baht, (~|-)?+ 约数词+ ?+ 数字+ million+ euros, (~|-)?+ 约数词+ ?+ \$+ 数字+ million, (~|-)?+ 约数词+ ?+ 数字+ k, (~|-)?+ 约数词+ ?+ \$+ 数字+ (\+)?, 数字+ pounds</concept>
	<concept name="钱数范围">钱数+ -+ 钱数, from+ 钱数+ to+ 钱数, between+ 钱数+ to+ 钱数</concept>	
	<concept name="达到类词语">will be able to, amount to, be, (is|are|was) up, was, is, are, reach, approach, up to</concept>
	<concept name="钱数定性">定性描述词+ 钱数范围, 定性描述词+ 钱数</concept>
	<concept name="现金流定性">定性描述词+ 现金流收入, 定性描述词+ 现金流</concept>
	<concept name="百分比">from+ 百分数+ 时间+ to+ 百分数+ 时间, 数字+ -+ 百分数, from+ 百分数+ to+ 百分数, 数字+  + %, 百分数修饰词+ 百分数, up to+ 百分数, 约数词+ 百分数+ or between + 数字+ - + 数字+ %., between + 数字+ % to + 数字+ %, 约数词+ 数字+ percent, 约数词+ 百分数, 百分数</concept>
	<concept name="变化">increased, increasing, increases, increase, enhanced, enhances, enhancing, enhance, growing, grows, grew, Growing, growth, grow, improve, improvement, improving, improved, almost doubling to, make improvements to, running back up, steadily</concept>
	<concept name="预计达到">预计类词语+ 达到类词语</concept>
  </concepts>
  
   <intentionAdd name="gt.gone.model.cashFlow.CashFlowProcess" id="01">
    <template name="rule1">(#时间\d*)?(\s)*(\b\w*\s+|,\s+){0,2}(#预计类词语\d*|#达到类词语\d*|#预计达到\d*)?(\s)*(\b\w*\s+){0,7}(\s)*(#现金流收入\d*|#现金流\d*)(\s)*(\b\w*\s+){0,7}(\s)*(#预计类词语\d*|#达到类词语\d*|#预计达到\d*)?(\s)*(#变化\d*)?(\s)*(to)?(\s)*(#钱数\d*|#百分比\d*)?(\s)*(#时间\d*)?</template>
    <template name="rule2">(#变化\d*)?(\s)*(#时间\d*|,\s+)?(\s)*(in)?(\s)*(\b\w*\s+){0,7}(\s)*(#现金流收入\d*|#现金流\d*)(\s)*(\b\w*\s+){0,7}(\s)*(#时间\d*)?(\s)*(by)?(\s)*(#钱数\d*)?(\s)*(#周期\d*)?</template>
    <template name="rule3">(#周期\d*)?(\s)*(#预计类词语\d*|#达到类词语\d*|#预计达到\d*)?(\s)*(\b\w*\s+){0,7}(\s)*(#现金流\d*|#现金流收入\d*)(\s)*(\b\w*\s+){0,7}(\s)*(#时间\d*)?(\s)*(#预计类词语\d*|#达到类词语\d*|#预计达到\d*)?(\s)*(\b\w*\s+){0,2}(\s)*(at|to|of|:)?(\s)*(#钱数\d*|#百分比\d*)?(\s)*(#周期\d*)?</template>
	<template name="rule4">(#时间\d*)?(\s)*(\b\w*\s+|,\s+){0,7}#钱数\d*(\s)*(of|in)(\s)*(\b\w*\s+){0,7}(\s)*(#现金流\d*|#现金流收入\d*)</template>
	<template name="rule5">(#钱数\d*|#百分比\d*)?(\s)*(#时间\d*)?(\s)*(\b\w*\s+){0,7}(\s)*(#现金流\d*|#现金流收入\d*)(\s)*(\b\w*\s+){0,7}(\s)*(:)?(\s)*(#钱数\d*)?(\s)*(#时间\d*)?(\s)*(#周期\d*)?</template>
	<template name="rule6">(#现金流\d*|#现金流收入\d*)</template>
  </intentionAdd>
  
   <intentionAdd name="gt.gone.model.cashFlow.RevenueProcess" id="02">
    <template name="rule1">(#时间\d*)?(\s)*(\b\w*\s+|,\s+){0,2}(#预计类词语\d*|#达到类词语\d*|#预计达到\d*)?(\s)*(\b\w*\s+){0,7}(\s)*(#收入\d*)(\s)*(\b\w*\s+){0,7}(\s)*(#预计类词语\d*|#达到类词语\d*|#预计达到\d*)?(\s)*(#变化\d*)?(\s)*(to)?(\s)*(#钱数\d*|#百分比\d*)?(\s)*(#时间\d*)?</template>
    <template name="rule2">(#变化\d*)?(\s)*(#时间\d*|,\s+)?(\s)*(in)?(\s)*(\b\w*\s+){0,7}(\s)*(#收入\d*)(\s)*(\b\w*\s+){0,7}(\s)*(#时间\d*)?(\s)*(by)?(\s)*(#钱数\d*)?(\s)*(#周期\d*)?</template>
    <template name="rule3">(#周期\d*)?(\s)*(#预计类词语\d*|#达到类词语\d*|#预计达到\d*)?(\s)*(\b\w*\s+){0,7}(\s)*(#收入\d*)(\s)*(\b\w*\s+){0,7}(\s)*(#时间\d*)?(\s)*(#预计类词语\d*|#达到类词语\d*|#预计达到\d*)?(\s)*(\b\w*\s+){0,2}(\s)*(at|to|of|:)?(\s)*(#钱数\d*|#百分比\d*)?(\s)*(#周期\d*)?</template>
	<template name="rule4">(#时间\d*)?(\s)*(\b\w*\s+|,\s+){0,7}#钱数\d*(\s)*(of|in)(\s)*(\b\w*\s+){0,7}(\s)*(#收入\d*)</template>
	<template name="rule5">(#钱数\d*|#百分比\d*)?(\s)*(#时间\d*)?(\s)*(\b\w*\s+){0,7}(\s)*(#收入\d*)(\s)*(\b\w*\s+){0,7}(\s)*(:)?(\s)*(#钱数\d*)?(\s)*(#时间\d*)?(\s)*(#周期\d*)?</template>
	<template name="rule6">(#收入\d*)</template>
  </intentionAdd>
  
   <intentionAdd name="gt.gone.model.cashFlow.NetProfitProcess" id="03">
    <template name="rule1">(#时间\d*)?(\s)*(\b\w*\s+|,\s+){0,2}(#预计类词语\d*|#达到类词语\d*|#预计达到\d*)?(\s)*(\b\w*\s+){0,7}(\s)*(#净利润\d*)(\s)*(\b\w*\s+){0,7}(\s)*(#预计类词语\d*|#达到类词语\d*|#预计达到\d*)?(\s)*(#变化\d*)?(\s)*(to)?(\s)*(#钱数\d*|#百分比\d*)?(\s)*(#时间\d*)?</template>
    <template name="rule2">(#变化\d*)?(\s)*(#时间\d*|,\s+)?(\s)*(in)?(\s)*(\b\w*\s+){0,7}(\s)*(#净利润\d*)(\s)*(\b\w*\s+){0,7}(\s)*(#时间\d*)?(\s)*(by)?(\s)*(#钱数\d*)?(\s)*(#周期\d*)?</template>
    <template name="rule3">(#周期\d*)?(\s)*(#预计类词语\d*|#达到类词语\d*|#预计达到\d*)?(\s)*(\b\w*\s+){0,7}(\s)*(#净利润\d*)(\s)*(\b\w*\s+){0,7}(\s)*(#时间\d*)?(\s)*(#预计类词语\d*|#达到类词语\d*|#预计达到\d*)?(\s)*(\b\w*\s+){0,2}(\s)*(at|to|of|:)?(\s)*(#钱数\d*|#百分比\d*)?(\s)*(#周期\d*)?</template>
	<template name="rule4">(#时间\d*)?(\s)*(\b\w*\s+|,\s+){0,7}#钱数\d*(\s)*(of|in)(\s)*(\b\w*\s+){0,7}(\s)*(#净利润\d*)</template>
	<template name="rule5">(#钱数\d*|#百分比\d*)?(\s)*(#时间\d*)?(\s)*(\b\w*\s+){0,7}(\s)*(#净利润\d*)(\s)*(\b\w*\s+){0,7}(\s)*(:)?(\s)*(#钱数\d*)?(\s)*(#时间\d*)?(\s)*(#周期\d*)?</template>
	<template name="rule6">(#净利润\d*)</template>
  </intentionAdd>
  
    <intentionAdd name="gt.gone.model.cashFlow.EBITDAProcess" id="04">
    <template name="rule1">(#时间\d*)?(\s)*(\b\w*\s+|,\s+){0,2}(#预计类词语\d*|#达到类词语\d*|#预计达到\d*)?(\s)*(\b\w*\s+){0,7}(\s)*(#税息前利润\d*)(\s)*(\b\w*\s+){0,7}(\s)*(#预计类词语\d*|#达到类词语\d*|#预计达到\d*)?(\s)*(#变化\d*)?(\s)*(to)?(\s)*(#钱数\d*|#百分比\d*)?(\s)*(#时间\d*)?</template>
    <template name="rule2">(#变化\d*)?(\s)*(#时间\d*|,\s+)?(\s)*(in)?(\s)*(\b\w*\s+){0,7}(\s)*(#税息前利润\d*)(\s)*(\b\w*\s+){0,7}(\s)*(#时间\d*)?(\s)*(by)?(\s)*(#钱数\d*)?(\s)*(#周期\d*)?</template>
    <template name="rule3">(#周期\d*)?(\s)*(#预计类词语\d*|#达到类词语\d*|#预计达到\d*)?(\s)*(\b\w*\s+){0,7}(\s)*(#税息前利润\d*)(\s)*(\b\w*\s+){0,7}(\s)*(#时间\d*)?(\s)*(#预计类词语\d*|#达到类词语\d*|#预计达到\d*)?(\s)*(\b\w*\s+){0,2}(\s)*(at|to|of|:)?(\s)*(#钱数\d*|#百分比\d*)?(\s)*(#周期\d*)?</template>
	<template name="rule4">(#时间\d*)?(\s)*(\b\w*\s+|,\s+){0,7}#钱数\d*(\s)*(of|in)(\s)*(\b\w*\s+){0,7}(\s)*(#税息前利润\d*)</template>
	<template name="rule5">(#钱数\d*|#百分比\d*)?(\s)*(#时间\d*)?(\s)*(\b\w*\s+){0,7}(\s)*(#税息前利润\d*)(\s)*(\b\w*\s+){0,7}(\s)*(:)?(\s)*(#钱数\d*)?(\s)*(#时间\d*)?(\s)*(#周期\d*)?</template>
	<template name="rule6">(#税息前利润\d*)</template>
  </intentionAdd>
  
   <intentionAdd name="gt.gone.model.cashFlow.ProfitMarginProcess" id="05">
    <template name="rule1">(#时间\d*)?(\s)*(\b\w*\s+|,\s+){0,2}(#预计类词语\d*|#达到类词语\d*|#预计达到\d*)?(\s)*(\b\w*\s+){0,7}(\s)*(#利润\d*)(\s)*(\b\w*\s+){0,7}(\s)*(#预计类词语\d*|#达到类词语\d*|#预计达到\d*)?(\s)*(#变化\d*)?(\s)*(to)?(\s)*(#钱数\d*|#百分比\d*)?(\s)*(#时间\d*)?</template>
    <template name="rule2">(#变化\d*)?(\s)*(#时间\d*|,\s+)?(\s)*(in)?(\s)*(\b\w*\s+){0,7}(\s)*(#利润\d*)(\s)*(\b\w*\s+){0,7}(\s)*(#时间\d*)?(\s)*(by)?(\s)*(#钱数\d*)?(\s)*(#周期\d*)?</template>
    <template name="rule3">(#周期\d*)?(\s)*(#预计类词语\d*|#达到类词语\d*|#预计达到\d*)?(\s)*(\b\w*\s+){0,7}(\s)*(#利润\d*)(\s)*(\b\w*\s+){0,7}(\s)*(#时间\d*)?(\s)*(#预计类词语\d*|#达到类词语\d*|#预计达到\d*)?(\s)*(\b\w*\s+){0,2}(\s)*(at|to|of|:)?(\s)*(#钱数\d*|#百分比\d*)?(\s)*(#周期\d*)?</template>
	<template name="rule4">(#时间\d*)?(\s)*(\b\w*\s+|,\s+){0,7}#钱数\d*(\s)*(of|in)(\s)*(\b\w*\s+){0,7}(\s)*(#利润\d*)</template>
	<template name="rule5">(#钱数\d*|#百分比\d*)?(\s)*(#时间\d*)?(\s)*(\b\w*\s+){0,7}(\s)*(#利润\d*)(\s)*(\b\w*\s+){0,7}(\s)*(:)?(\s)*(#钱数\d*)?(\s)*(#时间\d*)?(\s)*(#周期\d*)?</template>
	<template name="rule6">(#利润\d*)</template>
  </intentionAdd>
  
  
 
  
 
  
 
</root>