<?xml version="1.0" encoding="UTF-8"?>

<root>  

	<concepts>
		<concept name="定量词">[0-9]+\d*\.?\d*\s*%(\+)?, [0-9]+\d*\.?\d*\s*-\s*[0-9]+\d*\.?\d*\s*%(\+)?</concept>
		<concept name="定性词">growing percentage of, majority of, dominant, substantial, growing, growth of, grown, grow, massive, greatest percentage, large percentage, exponential, significant, High, important, high, explosive growth, a healthy amount of, eroding, enviable, respectable, continued winning of, Largest, largest, larger, large, Large, considerable, small, increased, vast, Strong, strong, Increasing, increasing, (relatively\s*)?big, Significant, greatest, Greatest, Great, great, leading, competitive, overall, sizeable, sustainable, good, Huge, huge</concept>
		<concept name="市场份额">market shares, Market share, market share, Market share</concept>
		<concept name="转折词">and</concept>
		
	</concepts>
  
   <intentionAdd name="gt.gone.model.compete.marketshare.MarketShareProcess" id="01">
    	<template name="rule1">(#定量词\d*)?(\s)*(\b[\w-]*\s+|,\s+){0,8}(#市场份额\d*)(\s)*(\b[\w-]*\s+){0,8}(#定量词\d*)?</template>
     	<template name="rule2">(#定性词\d*)?(\s)*(\b[\w-]*\s+|,\s+){0,8}(#市场份额\d*)(\s)*(\b[\w-]*\s+){0,8}(#定性词\d*)?</template>
   </intentionAdd>
     
</root>