<?xml version="1.0" encoding="UTF-8"?>

<root>  

<concepts>
	<concept name="行为名词">production, producer, manufacturer, exporter, contractor, fabricator, installer, development, production</concept>
	<concept name="行为动词">processing, processes, process, producing, designs, designing, design, produces, produce, provides, manufacturing, renovateing, maintaining, manufactures, renovates, maintains, maintained, manufacture, renovate, maintain, selling, offering, offered, sells, offers, sell, offer</concept>
	<concept name="指示性动词">specializing in, specialized in</concept>
	<concept name="企业">business, company, industry</concept>
	<concept name="产品">services, products, service, product</concept>
	<concept name="冠词">their, Their, An, A, The, the, an, a, this, This, German</concept>
	<concept name="动词">has, have, been, is, was, are, were, being, be, using, would</concept>
	<concept name="介词">for, in</concept>
	<concept name="形容词">largest</concept>
  </concepts>
  
   <intentionAdd name="gt.gone.model.product.producttype.ProductProcess" id="01">
    <template name="rule1">#行为动词\d*\s*(#行为动词\d*\s*|and\s*|,\s*)*of\s*(((\b[\w-]*\s+)|#冠词\d*\s*){0,20})(#介词\d*\s*|has|etc|,|\.)</template>
    <template name="rule2">#行为名词\d*\s*(#行为名词\d*\s*|and\s*|,\s*)*of\s*(((\b[\w-]*\s+)|#冠词\d*\s*|,\s+|-\s+){0,40})($|#动词\d*\s*|#介词\d*\s*|has|etc|\.|,)</template>
    <template name="rule3">#行为动词\d*\s*(#行为动词\d*\s*|and\s*|,\s*)*#冠词\d*\s*((\b[\w-]*\s+){0,5})#产品\d*\s*including\s*#冠词\d*\s*(((\b[\w-]*\s+)|,\s+){0,20})(\.|\,)</template>
    <template name="rule4">#冠词\d*\s*((\b[\w-]*\s+){0,3})\s*years old\s*((\b[\w-]*\s+){0,5})\s*#企业</template>
    <template name="rule5">#行为动词\d*\s*(#行为动词\d*\s*|and\s*|,\s*)*((\b[\w]*\s+){0,10})\s*that include\s*(((\b[\w-]*\s+)|,\s+){0,50})\s*(#介词\d*\s*|etc|,|\.)</template>
	<template name="rule6">#冠词\d*\s*(((\b[\w-]*\s+)|#冠词\d*\s*|#产品\d*\s*){0,20})\s*#企业</template>
    <template name="rule7">#冠词\d*\s*((\b[\w-]*\s+){1,7})\s*#行为名词(#行为名词\d*\s*|and\s*|,\s*)*</template>
    <template name="rule8">#行为动词\d*\s*(#行为动词\d*\s*|and\s*|,\s*)*#冠词\d*\s*((\b[\w]*\s+){0,5})\s*#产品\d*\s*from\s*((\b[\w]*\s+){0,4})\s*to\s*((\b[\w]*\s+){0,4})(,|\.)</template>
    <template name="rule9">#行为动词\d*\s*(#行为动词\d*\s*|and\s*|,\s*)*((\b[\w]*\s+|,\s+){0,20})\s*(#产品\d*\s*|#动词\d*\s*|that)</template>
    <template name="rule10">#产品\d*\s*:\s*(((\b[\w-]*\s+)|,\s+){0,20})\s*(etc|et.|\.)</template>
    <template name="rule11">#产品\d*\s*include\s*(((\b[\w-]*\s+)|,\s+){0,50})\s*such as\s*(((\b[\w-]*\s+)|,\s+){0,50})\s*(etc|et|\.)</template>
    <template name="rule12">#产品\d*\s*include\s*(((\b[\w-]*\s+)|,\s+){0,50})\s*(#介词\d*\s*|etc|et\.|\.)</template> 
    <template name="rule13">(One of|one of)\s*#冠词\d*\s*#形容词\d*\s*(((\b[\w-]*\s+)|#冠词\d*\s*){0,5})#介词\d*\s*</template>
   	<template name="rule14">#行为动词\d*\s*(#行为动词\d*\s*|and\s*|,\s*)*(((\b[\w-]+\s+)|#冠词\d*\s*){1,20})(#介词\d*\s*|that|etc|,|\.)</template>
	<template name="rule15">of\s*(((\b[\w-]*\s+)|#冠词\d*\s*){0,20})#行为动词\d*\s*(#行为动词\d*\s*|and\s*|,\s*)*</template>
    <template name="rule16">#企业\d*\s*(#行为动词|#动词)\d*\s*(#行为动词\d*\s*|and\s*|,\s*)*(((\b[\w-]*\s+)|#冠词\d*\s*){0,20})that</template>
    <template name="rule17">its\s*(((\b[\w-']*\s+)|#冠词\d*\s*){0,5})(#行为动词|#动词)\d*\s*(#行为动词\d*\s*|and\s*|,\s*)*</template>
    <template name="rule18">#产品\d*\s*(((\b[\w-]*\s+)|#冠词\d*\s*|,\s*){0,20})\s*(include\s*|including\s*)(:\s*)?(((\b[\w-]*\s+)|,\s+|#冠词\d*\s*){0,50})\s*(#介词\d*\s*|etc|et\.|\.)</template> 
    <template name="rule19">#行为动词\d*\s*(#行为动词\d*\s*|and\s*|,\s*)*include((\b[\w]*\s+|,\s+|#产品\d*\s*){0,20})\s*(#介词\d*\s*|that|etc|,|\.)</template>
    <template name="rule20">#产品\d*\s*#行为动词\d*\s*include\s*(((\b[\w-]*\s+)|,\s+){0,50})\s*(#介词\d*\s*|etc|et\.|\.)</template> 
    <template name="rule21">#行为动词\d*\s*(#行为动词\d*\s*|and\s*|,\s*)*(((\b[\w]*\s+)|,\s+|#产品\d*\s*){0,100})\s*(#介词\d*\s*|that|etc|\.)</template>
   	<template name="rule22">^(((\b[\w-]*\s+)|#冠词\d*\s*|#产品\d*\s*){0,5})\s*#企业</template>
   	<template name="rule23">#指示性动词\d*\s*(((\b[\w-]*\s+)|#冠词\d*\s*|#产品\d*\s*|,\s*|\/\s*){0,30})\s*(#介词\d*\s*|that|etc|,|\.)</template>
   </intentionAdd>
   
   
   
   
   
   
   
   
   
   
</root>