<?xml version="1.0" encoding="UTF-8"?>

<root> 
  <concepts>
	<concept name="收入">Sale revenue, sales revenue, sale proceeds, gross yearly income, gross income, sales income, gross sales, gross sale, sale volume, net yearly income, sale revenue, recurring revenue, net yearly income, yearly income, gross revenue, gross revenue, proceeds of sale, sales, sales revenue, Sales revenue, sales volume, services revenue, Targets revenue, Total Revenue, Total sale, total sales, turnover, revenues, Revenues, Revenue, revenue, income, Sales</concept>
	<concept name="数字">\d+((,|\s)\d+)*\.?\d*((,|\s)\d+)*</concept>
	<concept name="正号">\+</concept>
	<concept name="百分数">[0-9]+\d*\.?\d*%</concept>
	<concept name="数字单词">one, two, three, four, five, six, seven, eight, nine, ten, eleven, twelve, thirteen, fourteen, fifteen, sixteen, seventeen, eighteen, nineteen, twenty, thirty, forty, fifty, sixty, seventy, eighty, ninety, hundred, thousand, million, billion</concept>
	<concept name="百分数修饰词">free, operating, huge, average weekly, average monthly, average, weekly, average annual, excellent</concept>	
	<concept name="时间">In past years, in the coming months, in recent years, over the last+ 数字+ months, over the past+ 数字单词+ years, this financial year, for years 20(0|1)?\d to 20(0|1)?\d, in the next financial year, (over)? last several years, for the current financial year, FY+ 数字, 数字+ years ago, for+ 数字单词+ consecutive years, since the+ 数字+ inception, from last few years, From last few years, at least+ 数字+ years, In the past year, Since that time, since that time, In+ 数字, in+ 数字+ -+ 数字+ years, over the past+ 数字+ years, over the last+ 数字+ years., each year, by+ 数字, Since+ 数字, since+ 数字, in the recent years, for 20(0|1)?\d/20(0|1)?\d, for+ 数字, for + 数字+ year,  for + 数字+ years, over the last + 数字+ years, over the last+ 数字单词+ years, over last year, last year, in such for the last+ 数字+ year, for FY+ 数字+ 数字, before the end of+ 数字, by the end of+ 数字, in the next+ 数字+ year, in past+ 数字+  months, in past+ 数字+  years, in+ 数字, in+ 数字, throughout the year, year-on-year, 数字+ —+ 数字, For nearly+ 数字+ years, for nearly+ 数字+ years, 20(0|1)?\d, \d{1,2}/\d{1,2}/\d{1,4}</concept>
	<concept name="周期">every year, annually, (first|second|third|forth) quarter, per week, \/month, \/year, \/week, per year, per month, in monthly, monthly, each year, Per Month, Per year, Per week, per annum, Annual, annually, monthly, yearly, weekly, a year(?!ly), a month(?!ly), a year(?!ly), a week(?!ly), annual</concept>
	<concept name="预计类词语">can, could, enhancement, enhancing, expect to, expected to, forecasted to, (is|are) expecting, (is|are) projecting, (is|are) forecasting, (is|are|was|were) expected to, (is|are|was|were) forecasted to, (is|are|was|were) projected to , (is|are) doing, may, projected to, will, expected, expect, forecast, forecasted, forecasting, projected, Projected, projecting, estimated, Estimated</concept>
	<concept name="定性描述词">on upward trend, variety, pretty much, (very|extremely|highly|quite|absolutely)?\s*healthy, (very|extremely|highly|quite|absolutely)?\s*attractive, attractive, (very|extremely|highly|quite|absolutely)?\s*nice, (very|extremely|highly|quite|absolutely)?\s*Considerable, (very|extremely|highly|quite|absolutely)?\s*good, (very|extremely|highly|quite|absolutely)?\s*normalized, (very|extremely|highly|quite|absolutely)?\s*reliable, (very|extremely|highly|quite|absolutely)?\s*sizeable, (very|extremely|highly|quite|absolutely)?\s*solid, (very|extremely|highly|quite|absolutely)?\s*stable, (very|extremely|highly|quite|absolutely)?\s*steady, (very|extremely|highly|quite|absolutely)?\s*Strong, (very|extremely|highly|quite|absolutely)?\s*efficient, (very|extremely|highly|quite|absolutely)?\s*satisfactory, (very|extremely|highly|quite|absolutely)?\s*satisfying, (very|extremely|highly|quite|absolutely)?\s*positive, (very|extremely|highly|quite|absolutely)?\s*remarkable, (very|extremely|highly|quite|absolutely)?\s*apparent, (very|extremely|highly|quite|absolutely)?\s*memorable, (very|extremely|highly|quite|absolutely)?\s*preferable, (very|extremely|highly|quite|absolutely)?\s*exciting, (very|extremely|highly|quite|absolutely)?\s*impressive, (very|extremely|highly|quite|absolutely)?\s*wonderful, (very|extremely|highly|quite|absolutely)?\s*noticeable, (very|extremely|highly|quite|absolutely)?\s*superior, (very|extremely|highly|quite|absolutely)?\s*valuable, (very|extremely|highly|quite|absolutely)?\s*meaningful, (very|extremely|highly|quite|absolutely)?\s*enough, organic, potential, Sustainable, satisfactory, (very|extremely|highly|quite|absolutely)?\s*incredible, (very|extremely|highly|quite|absolutely)?\s*amazing, (very|extremely|highly|quite|absolutely)?\s*great, Great, (very|extremely|highly|quite|absolutely)?\s*excellent, (very|extremely|highly|quite|absolutely)?\s*outstanding, (very|extremely|highly|quite|absolutely)?\s*Tremendous, (very|extremely|highly|quite|absolutely)?\s*significant,  (very|extremely|highly|quite|absolutely)?\s*exponential, significant, top, highest, superb, terrific, consummate, preeminent, flawless, great, unbelievable, higher, solid, Strong, HIGH, strong, High, high, HUGE, Huge, huge, steady, exploding, larger, large, Larger, Large, small, smaller</concept>
	<concept name="谓语动词">maintain, average, earn, maintains, averages, averages, earns, maintaind, averaged, averaged, earnd</concept>
	<concept name="约数词">in the region of, approximating, above, about, around, more than, no less, no less than, no fewer than, nearly, in excess of, approaching, exceeded, circa, just over, (^|\s)over, at least, In The Vicinity Of, up to, approximately, in the mid, approx\., approx, exceeds, exceed</concept>
	<concept name="单位">USD, \$, US, pounds, £, c£, Dhs, INR, baht, euros, DKK, EUR, eur, euros, EUROS, JPY, AED</concept>
 	<concept name="钱数">(~|-)?+ 约数词+ ?+ 单位+ 数字+ mm and+ 单位+ 数字+ k, (~|-)?+ 约数词+ ?+ 数字+ cents, (~|-)?+ 约数词+ ?+ 数字+ swiss francs, Millions more, millions more, Billions more, billions more, (~|-)?+ 约数词+ ?+ 单位+ 数字+ (million|billion|mln|bn), 数字+ -+ 数字+ million dollars, 数字+ -+ 数字+ billion dollars, (~|-)?+ 单位+ 数字+ MM, (~|-)?+ 约数词+ ?+ (usd|jpy)+ 数字+ (million|billion)?, (~|-)?+ 约数词+ ?+ usd+ 数字+ billion, (~|-)?+ 约数词+ ?+ dkk+ 数字+ million, (~|-)?+ 约数词+ ?+ dkk+ 数字+ billion, (~|-)?+ 约数词+ ?+ 单位+ 数字+ m+ 正号, (~|-)?+ 单位+ 数字+ k+ 正号, (~|-)?+ 约数词+ ?+ 数字+ dhs, (~|-)?+ 约数词+ ?+ 单位+ 数字+ k, (~|-)?+ 约数词+ ?+ £+ 数字+ m, (~|-)?+ 约数词+ ?+ £+ 数字+ k, (~|-)?+ 约数词+ ?+ £+ 数字+ m, (~|-)?+ 约数词+ ?+ £+ 数字+ K, (~|-)?+ 约数词+ ?+ £+ 数字, (~|-)?+ 约数词+ ?+ 单位+ 数字+ (million|billion|mln)+ (usd|euros), (~|-)?+ 约数词+ ?+ 数字+ (million|billion|mln)+ (euros|usd), (~|-)?+ 约数词+ ?+ 单位+ ?+ 数字+ (million|billion|mln)+ USD, (~|-)?+ 约数词+ ?+ 数字+ (million|billion|mln)+ pounds, (~|-)?+ 约数词+ ?+ 单位+ 数字+ (million|billion|mln), (~|-)?+ 约数词+ ?+ 单位+ 数字+  — + (million|billion|mln), (~|-)?+  (+ 正号+ |-)+ 单位+ 数字, (~|-)?+ 单位+ 数字+ 正号, (~|-)?+ 约数词+ ?+ 单位+ 数字+ mil, (~|-)?+ 约数词+ ?+ 单位+ 数字+ k, (~|-)?+ 约数词+ ?+ 单位+ 数字+ M, (~|-)?+ 约数词+ ?+ c£+ 数字+ k , (~|-)?+ 约数词+ ?+ INR+ 数字+ Cr, (~|-)?+ 约数词+ ?+ US+ 单位+ 数字, (~|-)?+ 约数词+ ?+ US+ 单位+ 数字+ (million|billion|mln), (~|-)?+ 约数词+ ?+ USD+ 数字+ (million|billion|mln), (~|-)?+ 约数词+ ?+ 数字+ M+ pounds, (~|-)?+ 约数词+ ?+ 数字+ (million|billion|mln), (~|-)?+ 约数词+ ?+ 数字+ (million|billion|mln) baht, (~|-)?+ 约数词+ ?+ 单位+ 数字+ (million|billion|mln), (~|-)?+ 约数词+ ?+ 数字+ k, 数字+ pounds, (~|-)?+ 约数词+ ?+ 单位+ 数字+ m, (~|-)?+ 约数词+ ?+ 单位+ 数字+ (\+)?, (~|-)?+ 约数词+ ?+ 数字+ M</concept>	
 	<concept name="钱数范围">钱数+ -+ 钱数, from+ 钱数+ to+ 钱数, between+ 钱数+ to+ 钱数, between+ 数字+ -+ 数字+ k, between+ 数字+ -+ 数字+ %, 钱数+ to+ 钱数, (USD|\$|dkk|£|baht|US)+ 数字+ -+ 数字+ (million|billion|mln)</concept>	
	<concept name="达到类词语">will be able to, amount to, be, was, is, are, reach, approach, up to</concept>
	<concept name="钱数定性">定性描述词+ 钱数范围, 定性描述词+ 钱数</concept>
	<concept name="预计达到">预计类词语+ 达到类词语</concept>
	<concept name="收入定性">定性描述词+ 收入</concept>
	<concept name="百分比">预计达到+ 百分数, 百分数+ 正号, from+ 百分数+ 时间+ to+ 百分数+ 时间, 数字+ -+ 百分数, from+ 百分数+ to+ 百分数, 数字+ \s*+ %, 百分数修饰词+ 百分数, up to+ 百分数, 约数词+ 百分数+ or between + 数字+ - + 数字+ %., between + 数字+ % to + 数字+ %, 约数词+ 数字+ percent, 约数词+ 百分数, 正号+ 百分数, 数字+ 正号+ %, 百分数</concept>
	<concept name="变化">increased, increasing, increases, increase, enhanced, enhances, enhancing, enhance, grown, growing, grows, grew, Growing, growth, grow, improve, improvement, improving, improved, almost doubling to, make improvements to, running back up, (is|are|was) up</concept>
  </concepts>
   <intentionAdd name="gt.gone.model.profitability.revenue.RevenueProcess" id="02">
    <template name="rule1">((#时间\d*)(\s)*(\b\w*\s+|,\s+){0,7})?((#预计类词语\d*|#达到类词语\d*|#预计达到\d*)(\s)*(\b\w*\s+){0,7})?(\s)*((#周期\d*)(\s)*(\b\w*\s+){0,2}(\s)*)?(#收入\d*)(\s)*((\b\w*\s+){0,2}(\s)*(#预计类词语\d*|#达到类词语\d*|#预计达到\d*))?(\s)*((\b\w*\s+){0,2}(\s)*#变化\d*)?(\s)*(to)?(\s)*((\b\w*\s+){0,2}(\s)*(#钱数\d*|#百分比\d*))?(\s)*((\b\w*\s+){0,2}(\s)*(#时间\d*))?((\b\w*\s+){0,2}(\s)*(#周期\d*))?((\b\w*\s+){0,2}(\s)*(#时间\d*))?</template>
    <template name="rule2">((#时间\d*)(\s)*(\b\w*\s+|,\s+){0,3})?((#变化\d*)(\s)*(\b\w*\s+){0,4})?(\s)*((#时间\d*|,\s+)(\s)*(\b\w*\s+){0,7})?(\s)*((in)(\s)*(\b\w*\s+){0,4})?(\s)*((\b\w*\s+){0,7}(\s)*(#周期\d*))?(\s)*(#收入\d*)(\s)*((\b\w*\s+){0,7}(\s)*(#时间\d*|#周期\d*))?(\s)*(by|of)?(\s)*((\b\w*\s+){0,3}(\s)*(#钱数\d*|#百分比\d*))?(\s)*((\b\w*\s+){0,7}(\s)*(#时间\d*))?(#周期\d*)?</template>
    <template name="rule3">(#周期\d*)?(\s)*(#预计类词语\d*|#达到类词语\d*|#预计达到\d*)?(\s)*(\b\w*\s+){0,7}(\s)*(#周期\d*)?(\s)*(#变化\d*)?(\s)*(#收入\d*)(\s)*((\b\w*\s+){0,7}(\s)*#时间\d*(\b\w*\s+){0,2})?(\s)*(#预计类词语\d*|#达到类词语\d*|#预计达到\d*)?(\s)*(\b\w*\s+){0,2}(\s)*(at|to|of|:)?(\s)*(#钱数\d*|#百分比\d*)?(\s)*(#周期\d*)?</template>
	<template name="rule4">(#时间\d*(\s*)(\b\w*\s+|,\s+){0,7})?(\s)*#钱数\d*(\s)*(of|in)(\s)*(\b\w*\s+){0,7}(\s)*(#收入\d*)(\s)*((\b\w*\s+){0,2}(#预计类词语\d*|#达到类词语\d*|#预计达到\d*)(\s)*)?</template>
	<template name="rule5">(#钱数\d*|#百分比\d*)?(\s)*(#时间\d*|#周期\d*)?(\s)*(\b\w*\s+){0,7}(\s)*(#收入\d*)(\s)*(\b\w*\s+){0,7}(\s)*(#时间\d*)?(\s)*((,\s*)#周期\d*(?!(\s*\w+\s*))|#周期\d*)?</template>
	<template name="rule6">(#收入\d*)</template>
	<template name="rule7">(#钱数\d*|#百分比\d*|#周期\d*)?(\s)*(#变化\d*)(\s)*(#时间\d*|,\s+)?(\s)*(in)(\s)*(\b\w*\s+){0,7}(\s)*(#收入\d*)(\s)*(\b\w*\s+){0,7}(\s)*(#时间\d*)?(\s)*(by)?(\s)*(#周期\d*)?</template>
	<template name="rule8">(#收入\d*(\s)*(\b\w*\s+){0,4})\s*((#预计类词语\d*|#达到类词语\d*|#预计达到\d*)(\s)*(\b\w*\s+){0,3})?(#变化\d*)\s*(\b\w*\s+){0,3}(at|by)?(#钱数\d*|#百分比\d*)?(\s)*(#周期\d*)?(\s)*(#时间\d*)?</template>
  	<template name="rule9">(#钱数\d*|#百分比\d*|#周期\d*)?(\s)*(#变化\d*)(\s)*(#时间\d*|,\s+)?(\s)*(in)(\s)*(\b\w*\s+){0,3}(\s)*(#收入\d*)(\s)*(\b\w*\s+){0,3}(\s)*(:)?(\s)*(#钱数\d*|#百分比\d*|#周期\d*)?(\s)*(#周期\d*)?</template>
  	<template name="rule10">((#时间\d*)(\s)*(\b\w*\s+|,\s+){0,2})?((#预计类词语\d*|#达到类词语\d*|#预计达到\d*)(\s)*(\b\w*\s+){0,7})?(\s)*#收入\d*(\s)*((\b\w*\s+){0,7}(\s)*#时间\d*(\b\w*\s+|,\s+){0,2})?(\s)*(#预计类词语\d*|#达到类词语\d*|#预计达到\d*)?(\s)*(#变化\d*)(\s)*(to)?(\s)*(#钱数\d*|#百分比\d*)?(\s)*(#时间\d*)?</template>
 	<template name="rule11">((#时间\d*)(\s)*(\b\w*\s+|,\s+){0,2})?((#预计类词语\d*|#达到类词语\d*|#预计达到\d*)(\s)*(\b\w*\s+){0,7})?(\s)*((#变化\d*)(\s)*(\b\w*\s+){0,3})(\s)*(#周期\d*)?(\s)*#收入\d*(\s)*((\b\w*\s+){0,7}(\s)*#时间\d*(\b\w*\s+|,\s+){0,2})?(\s)*</template>
 	<template name="rule12">(#钱数\d*|#百分比\d*|#周期\d*)?(\s)*((#变化\d*)(\s)*(\b\w*\s+){0,4})?(\s)*((#钱数\d*|#百分比\d*|#周期\d*)(\s)*(\b\w*\s+){0,4})?(\s)*((#时间\d*|,\s+)(\s)*(\b\w*\s+){0,7})?(\s)*((in|of)(\s)*(\b\w*\s+){0,4})?(\s)*(#收入\d*)(\s)*(\b\w*\s+){0,7}(\s)*(#时间\d*)?(\s)*(by)?(\s)*(#周期\d*)?</template>
 	<template name="rule13">(#百分比\d*)?(\s)*(#时间\d*|#周期\d*)?(\s)*(\b\w*\s+){0,7}(\s)*(#收入\d*)(\s)*(\b\w*\s+){0,7}(\s)*((#预计类词语\d*|#达到类词语\d*|#预计达到\d*)(\s)*(\b\w*\s+){0,7})?(\s)*(:)?(\s)*(#钱数\d*)?(\s)*(#时间\d*)?(\s)*(#周期\d*)?(\s)*(with)?(\s)*((#预计类词语\d*|#达到类词语\d*|#预计达到\d*)(\s)*(\b\w*\s+){0,2})?(\s)*(#变化\d*)?(\s)*((\b\w*\s+){0,2}(#时间\d*|#周期\d*))?</template>
 	<template name="rule14">(#百分比\d*|#周期\d*)?(\s)*(#变化\d*)(\s)*(#时间\d*|,\s+)?(\s)*(in)(\s)*(\b\w*\s+){0,7}(\s)*(#收入\d*)(\s)*(\b\w*\s+){0,7}(\s)*(#时间\d*)?(\s)*(by)?(\s)*(#钱数\d*)?(\s)*(#周期\d*)?</template>
 	<template name="rule15">(#变化\d*)?(\s)*(#时间\d*|,\s+)?(\s)*(in)?(\s)*(\b\w*\s+){0,7}(\s)*(#收入\d*)(\s)*(\b\w*\s+){0,7}(\s)*(#时间\d*)?(\s)*(by)?(\s)*(#钱数\d*)(\s)*(#周期\d*)(\s)*(#时间\d*)?</template>
 	<template name="rule16">(#钱数\d*)(\s)*(\b\w*\s+){0,2}(\s)*((#预计类词语\d*|#达到类词语\d*|#预计达到\d*)(\s)*(\b\w*\s+){0,2})?(#周期\d*)(\s)*(\b\w*\s+){0,2}(\s)*(#收入\d*)(\s)*((\b\w*\s+){0,3}(\s)*(#时间\d*)(\s)*)?</template>
    <template name="rule17">(#周期\d*(\b\w*\s+){0,2})?(\s)*(#收入\d*)(\s)*(\b\w*\s+){0,2}(\s)*(#时间\d*)?(\s)*(#预计类词语\d*|#达到类词语\d*|#预计达到\d*)(\s)*(\b\w*\s+){0,2}(\s)*(#时间\d*)?(\s)*(#钱数\d*|#百分比\d*)(\s)*(#周期\d*)?</template>
 	<template name="rule18">((#时间\d*)(\s)*(\b\w*\s+|,\s+){0,7})?((#周期\d*)(\s)*(\b\w*\s+){0,2}(\s)*)?(\s)*(#收入\d*)(\s)*((\b\w*\s+){0,2}(\s)*(#钱数\d*|#百分比\d*))</template>
    <template name="rule17">(#收入\d*)(\s)*(\b\w*\s+){0,2}(\s)*((#周期\d*)(\s)*(\b\w*\s+){0,2}(\s)*)?(#预计类词语\d*|#达到类词语\d*|#预计达到\d*)(\s)*(\b\w*\s+){0,2}(\s)*(#钱数\d*|#百分比\d*)(\s)*(#周期\d*)?</template>
    <template name="rule17">(#收入\d*)(\s)*(#时间\d*)</template>
    <template name="rule13">(#百分比\d*)?(\s)*(#时间\d*|#周期\d*)?(\s)*(\b\w*\s+){0,7}(\s)*(#收入\d*)(\s)*(\b\w*\s+){0,7}(\s)*((#时间\d*|#周期\d*)(\b\w*\s+){0,2})?(:)?(\s)*(#时间\d*)?(\s)*(#钱数\d*)?(\s)*(#周期\d*)?</template>
    <template name="rule8">(#收入\d*(\s)*(\b\w*\s+){0,3})\s*(#时间\d*(\s)*(\b\w*\s+){0,3})?\s*(#变化\d*)\s*(\b\w*\s+){0,2}(at|by)?((#预计类词语\d*|#达到类词语\d*|#预计达到\d*)(\s)*(\b\w*\s+){0,3})?(#钱数\d*|#百分比\d*)?(\s)*(#周期\d*)?</template>
    <template name="rule8">(#周期\d*)?(\s)*(#收入\d*(\s)*(\b\w*\s+){0,3})\s*((#预计类词语\d*|#达到类词语\d*|#预计达到\d*)(\s)*(\b\w*\s+){0,3})?(#时间\d*(\s)*(\b\w*\s+){0,3})?\s*(#钱数\d*|#百分比\d*)?(\s)*(#周期\d*)?</template>
    <template name="rule4">(#时间\d*(\s*)(\b\w*\s+|,\s+){0,7})?(\s)*((#预计类词语\d*|#达到类词语\d*|#预计达到\d*)(\s)*(\b\w*\s+){0,7})?(\s)*#钱数\d*(\s)*(of|in)?(\s)*(\b\w*\s+){0,7}(\s)*(#收入\d*)</template>
    <template name="rule1">(#收入\d*)(\s)*((\b\w*\s+){0,2}(\s)*(#预计类词语\d*|#达到类词语\d*|#预计达到\d*))?(\s)*((\b\w*\s+){0,2}(\s)*#变化\d*)(\s)*((\b\w*\s+){0,2}(\s)*((\b\w*\s+|,\s+){0,3}(#时间\d*)(\s)*(\b\w*\s+|,\s+){0,7})?(\s)*,(\s)*(#钱数\d*|#百分比\d*))?(\s)*(#时间\d*)?</template>
    <template name="rule1">(#收入\d*)(\s)*((\b\w*\s+|,\s+){0,3}(#时间\d*)(\s)*(\b\w*\s+|,\s+|#变化\d*\s+){0,8})?(\s)*,(\s)*(#预计类词语\d*|#达到类词语\d*|#预计达到\d*)(\s)*(#钱数\d*|#百分比\d*)?(\s)*((\b\w*\s+){0,2}(#时间\d*|#周期\d*))?</template>  
    <template name="rule19">((#预计类词语\d*|#达到类词语\d*|#预计达到\d*)(\b\w*\s+){0,2})?(\s)*(#钱数\d*|#百分比\d*)?(\s)*((\b\w*\s+){0,2}(\s)*(#收入\d*))(\s)*(#变化\d*)(\s)*((\b\w*\s+|,\s+){0,3}(#时间\d*|#周期\d*))</template>
    <template name="rule20">((#预计类词语\d*|#达到类词语\d*|#预计达到\d*)(\b\w*\s+){0,4})(\s)*(#变化\d*)?(\s)*(#时间\d*|,\s+)?(\s)*(in)?(\s)*(\b\w*\s+){0,7}(\s)*(#周期\d*)?(\s)*(#收入\d*)(\s)*(\b\w*\s+){0,7}(\s)*(#时间\d*)?(\s)*(by|of)?(\s)*(#钱数\d*|#百分比\d*)?(\s)*((\b\w*\s+){0,7}(\s)*(#时间\d*))?(#周期\d*)?</template>
    <template name="rule20">((#时间\d*)(\s)*(\b\w*\s+|,\s+){0,7})?(\s)*(#收入\d*)(\s)*(\b\w*\s+){0,7}(\s)*(#钱数\d*|#百分比\d*)?(\s)*(#周期\d*)?(\s)*(#变化\d*)</template>
	<template name="rule1">(#变化\d*)?(\s)*((#时间\d*)(\s)*(\b\w*\s+|,\s+){0,7})?((#预计类词语\d*|#达到类词语\d*|#预计达到\d*)(\s)*(\b\w*\s+){0,7})?(\s)*(#收入\d*)(\s)*((\b\w*\s+){0,2}(\s)*(#预计类词语\d*|#达到类词语\d*|#预计达到\d*))?(\s)*((\b\w*\s+){0,2}(\s)*#变化\d*)?(\s)*(to)?(\s)*((\b\w*\s+){0,2}(\s)*(#钱数\d*|#百分比\d*))?(\s)*(#时间\d*)?</template>
	<template name="rule1">(#收入\d*)(\s)*((\b\w*\s+|,\s+){0,3}(#时间\d*)(\s)*(\b\w*\s+|,\s+|#变化\d*\s+){0,8})?(\s)*,(\s)*(#预计类词语\d*|#达到类词语\d*|#预计达到\d*)?(\s)*(#钱数\d*|#百分比\d*)?(\s)*((\b\w*\s+){0,2}(#时间\d*|#周期\d*))?((\b\w*\s+){0,2}(#时间\d*|#周期\d*))?</template>  
	<template name="rule1">((#时间\d*)(\s)*(\b\w*\s+|,\s+){0,7})?((#预计类词语\d*|#达到类词语\d*|#预计达到\d*)(\s)*(\b\w*\s+){0,7})?(\s)*((#周期\d*)(\s)*(\b\w*\s+){0,2}(\s)*)?(#收入\d*)(\s)*((\b\w*\s+){0,2}(\s)*(#预计类词语\d*|#达到类词语\d*|#预计达到\d*))?(\s)*((\b\w*\s+){0,2}(\s)*#变化\d*)?(\s)*((\b\w*\s+){0,2}(\s)*(#百分比\d*))?(\s)*(to)?(\s)*((\b\w*\s+){0,2}(\s)*(#钱数\d*|#百分比\d*))?(\s)*((\b\w*\s+){0,2}(\s)*(#时间\d*))?((\b\w*\s+){0,2}(\s)*(#周期\d*))?((\b\w*\s+){0,2}(\s)*(#时间\d*))?</template>
  	<template name="rule2">((#时间\d*)(\s)*(\b\w*\s+|,\s+){0,7})?((#预计类词语\d*|#达到类词语\d*|#预计达到\d*)(\s)*(\b\w*\s+){0,7})?(\s)*((#周期\d*)(\s)*(\b\w*\s+){0,2}(\s)*)?(#收入\d*)(\s)*((\b\w*\s+){0,2}(\s)*(#预计类词语\d*|#达到类词语\d*|#预计达到\d*))?(\s)*((\b\w*\s+){0,2}(\s)*#变化\d*)?(\s)*(\s)*((\b\w*\s+){0,2}(\s)*(#时间\d*))?((\b\w*\s+){0,2}(\s)*(#周期\d*))?((\b\w*\s+){0,2}(\s)*(#时间\d*))?(to)?(\s)*((\b\w*\s+){0,2}(\s)*(#钱数\d*|#百分比\d*))?</template>
  
    
  </intentionAdd>
</root>